{"wx": [2555188.014017656, 3289850.7882852545, -3438362.848982388, -848481.0852278632, -1475856.4972893246, -1480172.3410252528], "wy": [-745699.129016237, -441530.7095231102, 3004697.7292144583, -714076.3261005911, -1066799.011517779, 287485.02806794364], "screen": [1920, 1080], "invert_x": false, "invert_y": false}