{"wx": [-1336782.077056505, -555852.358734642, 697930.7868696911, 970460.8612717575, 245641.9167159328, 471132.6997858241], "wy": [1244363.8638157002, 517816.5574170452, -1322544.8646816467, -669975.501968625, 227675.79542968367, -433782.03744015243], "screen": [1920, 1080], "invert_x": false, "invert_y": false}